{
  "config": {
    "model_id": "/home/ubuntu/models/sdxl-base",
    "prompt": "An astronaut riding a green horse",
    "height": 1024,
    "width": 1024,
    "steps": 50,
    "guidance_scale": 7.5,
    "n_seeds": 10,
    "seeds": [
      42,
      43,
      44,
      45,
      46,
      47,
      48,
      49,
      50,
      51
    ],
    "device_ids": [
      0,
      1
    ],
    "fork": "whn09",
    "instance": "trn2.3xlarge",
    "sdk": "2.29"
  },
  "per_seed_s": [
    11.144896984100342,
    11.137789964675903,
    11.135454177856445,
    11.134771585464478,
    11.139217615127563,
    11.146252393722534,
    11.14117956161499,
    11.141555070877075,
    11.144954442977905,
    11.141030073165894
  ],
  "mean_s": 11.140710186958312,
  "std_s": 0.0037542454915224788,
  "min_s": 11.134771585464478,
  "max_s": 11.146252393722534
}