{
  "device": "H100-80GB",
  "instance": "p5.4xlarge",
  "region": "sa-east-1",
  "model": "/home/ubuntu/flux2_weights",
  "precision": "bf16",
  "resolution": 2048,
  "steps": 28,
  "guidance": 4.0,
  "seed_base": 42,
  "load_time_s": 1.6651759110000057,
  "first_image_s": 158.72208867899963,
  "mean_steady_s": 162.9381769318888,
  "p50_s": 162.58668550499988,
  "p95_s": 164.09856148700004,
  "per_run_s": [
    158.72208867899963,
    164.3326212920001,
    163.81248839199998,
    163.67596628,
    163.26754068599985,
    162.63678081599983,
    162.53659019399993,
    162.03173883399995,
    162.0305073059999,
    162.11935858699962
  ],
  "peak_vram_gb": 68.90797824
}