{
  "device": "Neuron-trn2.48xlarge",
  "precision": "BF16",
  "prompt": "10-prompt",
  "resolution": 2048,
  "steps": 28,
  "guidance": 4.0,
  "seed_base": 42,
  "load_time_s": 96.3323201580024,
  "first_image_s": 101.32337816599465,
  "mean_steady_s": 101.06209602988868,
  "p50_s": 101.11277450449779,
  "p95_s": 101.49489045280097,
  "per_run_s": [
    101.32337816599465,
    100.2235950739996,
    100.97630034000031,
    101.03002095799457,
    100.93227646699961,
    100.99030051899899,
    101.62737492399901,
    101.19552805100102,
    101.33296498800337,
    101.25050294800167
  ]
}