{
  "device": "H100-80GB",
  "instance": "p5.4xlarge",
  "model": "black-forest-labs/FLUX.2-dev",
  "precision": "BF16",
  "prompt": "A cat holding a sign that says hello world",
  "resolution": 2048,
  "steps": 50,
  "guidance": 4.0,
  "seed_base": 42,
  "load_time_s": 882.7409234720001,
  "first_image_s": 263.8325204109999,
  "mean_steady_s": 231.7536722136667,
  "p50_s": 232.0447758800001,
  "p95_s": 249.97002553179996,
  "per_run_s": [
    263.8325204109999,
    233.02697623500012,
    232.5900022750002,
    232.46070343199972,
    232.3816407280001,
    231.70791103200008,
    231.30753095,
    231.30773089900003,
    230.56381244500017,
    230.43674192699973
  ],
  "peak_vram_gb": 68.90797824,
  "ok": true
}