{
  "device": "Neuron-trn2.48xlarge",
  "precision": "BF16",
  "resolution": 1024,
  "steps": 28,
  "guidance": 4.0,
  "seed_base": 42,
  "load_time_s": 58.712575681998715,
  "first_image_s": 23.387504725000326,
  "mean_steady_s": 22.683569687999906,
  "p50_s": 22.677721696500157,
  "p95_s": 23.103604747449754,
  "per_run_s": [
    23.387504725000326,
    22.650873112001136,
    22.64774775099795,
    22.64785766800196,
    22.640233199999784,
    22.641143868000654,
    22.71217096699911,
    22.704570280999178,
    22.75091445900034,
    22.756615885999054
  ]
}