{
  "device": "Neuron-trn2.48xlarge",
  "precision": "BF16",
  "resolution": 1024,
  "steps": 28,
  "guidance": 4.0,
  "seed_base": 42,
  "load_time_s": 63.54056610499538,
  "first_image_s": 24.818354853996425,
  "mean_steady_s": 24.281400683333533,
  "p50_s": 24.280309753998154,
  "p95_s": 24.580821828396072,
  "per_run_s": [
    24.818354853996425,
    24.29049156200199,
    24.285226183004852,
    24.290503685995645,
    24.280919950993848,
    24.27516327700141,
    24.27969955700246,
    24.278943121003977,
    24.276324209997256,
    24.275334603000374
  ]
}