{
  "device": "H100-80GB",
  "instance": "p5.4xlarge",
  "region": "sa-east-1",
  "model": "/home/ubuntu/flux2_weights",
  "precision": "fp8",
  "resolution": 1024,
  "steps": 28,
  "guidance": 4.0,
  "seed_base": 42,
  "load_time_s": 67.54414047699993,
  "first_image_s": 67.16062237400001,
  "mean_steady_s": 68.5855016978886,
  "p50_s": 68.52853714599951,
  "p95_s": 68.88676237694976,
  "per_run_s": [
    67.16062237400001,
    68.60558205500001,
    68.68895183399945,
    68.87025285699929,
    68.451160394,
    68.29636568600017,
    68.90027016600015,
    68.5609123159993,
    68.49616197599971,
    68.39985799699934
  ],
  "peak_vram_gb": 48.444008448
}