{
  "abs_max": 0.03125,
  "abs_mean": 0.004384886473417282,
  "rel_max": 10809.787109375,
  "cos_sim": 0.9999362230300903,
  "R": 0.9889556578350787,
  "hf_bf16_fp32_norm": 6.192085266114281,
  "neuron_fp32_norm": 6.123697757720947,
  "verdict": "PASS: fix confirmed at step 0"
}