{
  "device": "H100-80GB",
  "instance": "p5.4xlarge",
  "region": "sa-east-1",
  "model": "/home/ubuntu/flux2_weights",
  "precision": "fp8",
  "resolution": 2048,
  "steps": 28,
  "guidance": 4.0,
  "seed_base": 42,
  "load_time_s": 67.54222738699991,
  "first_image_s": 132.8353904860005,
  "mean_steady_s": 133.22959604066676,
  "p50_s": 133.11370851399943,
  "p95_s": 134.3873141320007,
  "per_run_s": [
    132.8353904860005,
    134.42494315900058,
    134.34132309900087,
    133.98227751800005,
    133.30517280000004,
    133.13461631799964,
    133.0928007099992,
    132.62268304100053,
    132.32203619099982,
    131.84051153000019
  ],
  "peak_vram_gb": 48.444008448
}