{
  "tp": 4,
  "latent_shape": [
    1,
    4,
    128,
    128
  ],
  "trace_s": 1.6320948600769043,
  "compile_min": 13.755933535099029,
  "cold_ms": 519.5021629333496,
  "warm_ms_avg": 330.3450584411621,
  "warm_ms_list": [
    370.1303005218506,
    335.06035804748535,
    315.537691116333,
    315.43755531311035,
    315.55938720703125
  ],
  "out_shape": [
    1,
    4,
    128,
    128
  ],
  "per_rank_state_gb": 1.354752168,
  "linear_sharded": 662,
  "conv_sharded": 34
}