{
  "tp": 4,
  "latent_shape": [
    1,
    4,
    128,
    128
  ],
  "compile_min": 12.89914656082789,
  "cold_ms": 555.6540489196777,
  "warm_ms_avg": 321.4993953704834,
  "warm_ms_list": [
    342.9570198059082,
    316.16735458374023,
    316.1511421203613,
    316.119909286499,
    316.1015510559082
  ],
  "out_shape": [
    1,
    4,
    128,
    128
  ],
  "per_rank_state_gb": 1.354752168,
  "cos": 0.9999886751174927,
  "max_abs": 0.03125,
  "mean_abs": 0.004723194986581802,
  "rel_max_abs": 0.009345794392523364,
  "ref_abs_max": 3.34375,
  "verdict": "PASS",
  "linear_sharded": 662,
  "conv_sharded": 34
}