{
  "tp": 4,
  "latent_shape": [
    1,
    4,
    16,
    16
  ],
  "compile_min": 2.013038996855418,
  "cold_ms": 195.08886337280273,
  "warm_ms_avg": 45.89695930480957,
  "warm_ms_list": [
    46.158790588378906,
    45.88031768798828,
    45.798540115356445,
    45.74418067932129,
    45.90296745300293
  ],
  "out_shape": [
    1,
    4,
    16,
    16
  ],
  "per_rank_state_gb": 1.354752168,
  "cos": 0.9999955296516418,
  "max_abs": 0.015625,
  "mean_abs": 0.00177832692861557,
  "rel_max_abs": 0.005291005291005291,
  "ref_abs_max": 2.953125,
  "verdict": "PASS",
  "linear_sharded": 662,
  "conv_sharded": 34
}