{
  "device": "Neuron-trn2.48xlarge",
  "precision": "BF16",
  "prompt": "cat",
  "resolution": 1024,
  "steps": 50,
  "guidance": 4.0,
  "seed_base": 42,
  "load_time_s": 87.76204316900021,
  "first_image_s": 36.56735177800056,
  "mean_steady_s": 35.76047216300026,
  "p50_s": 35.76131924800029,
  "p95_s": 36.406327587200394,
  "per_run_s": [
    36.56735177800056,
    35.762230823999744,
    35.76131924800029,
    35.75800225200055,
    35.76033632800045
  ]
}