{
  "device": "H100-80GB",
  "instance": "p5.4xlarge",
  "region": "sa-east-1",
  "model": "/home/ubuntu/flux2_weights",
  "precision": "bf16",
  "resolution": 1024,
  "steps": 28,
  "guidance": 4.0,
  "seed_base": 42,
  "load_time_s": 1.786311994000016,
  "first_image_s": 122.17555132799998,
  "mean_steady_s": 91.20092191911097,
  "p50_s": 91.43437633399981,
  "p95_s": 108.73226172524987,
  "per_run_s": [
    122.17555132799998,
    92.30157443299981,
    91.28496439399987,
    91.52673142599997,
    91.89546991499992,
    91.80045145199983,
    91.34202124199965,
    90.35588929300002,
    90.1329972819999,
    90.16819783499977
  ],
  "peak_vram_gb": 65.703136768
}