{
  "device": "Neuron-trn2.48xlarge",
  "precision": "BF16",
  "prompt": "A cat holding a sign that says hello world",
  "resolution": 1024,
  "steps": 50,
  "guidance": 4.0,
  "seed_base": 42,
  "load_time_s": 195.17462658799923,
  "first_image_s": 33.18962208599987,
  "mean_steady_s": 33.23699588744502,
  "p50_s": 33.22929565800041,
  "p95_s": 33.572540130300695,
  "per_run_s": [
    33.18962208599987,
    32.823562684003264,
    32.82712285099842,
    32.993021586000395,
    33.17295966299935,
    33.26896923000095,
    33.40442828199957,
    33.50439983700198,
    33.5363423939998,
    33.602156460001424
  ]
}