{
  "config": {
    "model_id": "/home/ubuntu/models/sdxl-base",
    "prompt": "An astronaut riding a green horse",
    "height": 1024,
    "width": 1024,
    "steps": 50,
    "guidance_scale": 7.5,
    "n_seeds": 10,
    "device_ids": [
      0,
      1
    ],
    "fork": "whn09",
    "instance": "trn2.3xlarge",
    "sdk": "2.29"
  },
  "per_seed_s": [
    11.138182878494263,
    11.13853931427002,
    11.146407842636108,
    11.172521352767944,
    11.165504693984985,
    11.157593727111816,
    11.145087480545044,
    11.157575845718384,
    11.144850969314575,
    11.143182277679443
  ],
  "mean_s": 11.150944638252259,
  "std_s": 0.011111991523719365,
  "min_s": 11.138182878494263,
  "max_s": 11.172521352767944
}