{
  "cos_sim": 0.9977343678474426,
  "max_rel_err": 35400.3515625,
  "psnr_db": 23.175780773162842,
  "cpu_time_s": 0.8510534763336182,
  "neuron_time_s": 1.0651105403900147,
  "packed_shape": [
    1,
    1024,
    128
  ],
  "latents_4d_shape": [
    1,
    32,
    64,
    64
  ]
}