{
  "device": "Neuron-trn2.48xlarge",
  "precision": "BF16",
  "prompt": "cat",
  "resolution": 2048,
  "steps": 50,
  "guidance": 4.0,
  "seed_base": 42,
  "load_time_s": 650.3557694650001,
  "first_image_s": 179.49074481399975,
  "mean_steady_s": 178.59226306599982,
  "p50_s": 178.59531304899974,
  "p95_s": 179.1021453434497,
  "per_run_s": [
    179.49074481399975,
    178.59364401599987,
    178.62719043499965,
    178.5605037979999,
    178.55632391799963,
    178.61040548399978,
    178.5969820819996,
    178.58937444599997,
    178.60825670299982,
    178.58768671200005
  ]
}