{
  "config": "trn2.3xl BF16 CFG=7.5 batch=2 1024x1024 50 steps",
  "prompt": "An astronaut riding a green horse",
  "seeds": [
    42,
    43,
    44,
    45,
    46,
    47,
    48,
    49,
    50,
    51
  ],
  "latencies_s": [
    13.256,
    13.255,
    13.259,
    13.256,
    13.256,
    13.26,
    13.263,
    13.27,
    13.275,
    13.275
  ],
  "mean_s": 13.262492370605468,
  "median_s": 13.25914752483368,
  "p95_s": 13.27503261566162,
  "min_s": 13.255318403244019,
  "max_s": 13.275235176086426
}