{
  "device": "L4-24GB",
  "instance": "g6.4xlarge",
  "region": "sa-east-1",
  "model": "diffusers/FLUX.2-dev-bnb-4bit",
  "precision": "NF4 (bnb 4-bit)",
  "resolution": 1024,
  "steps": 28,
  "guidance": 4.0,
  "seed_base": 42,
  "sequential_offload": false,
  "load_time_s": 2.978356346000055,
  "first_image_s": 229.89602767700012,
  "mean_steady_s": 210.06101392166659,
  "p50_s": 210.40333525350002,
  "p95_s": 223.14336633784998,
  "per_run_s": [
    229.89602767700012,
    214.89011358999983,
    212.504372419,
    212.340864797,
    210.8778119640001,
    209.92885854299993,
    208.7016863089998,
    207.48674963800022,
    207.41349685499972,
    206.4051711799998
  ],
  "peak_vram_gb": 19.670787072
}