{
  "device": "Neuron-trn2.48xlarge",
  "precision": "BF16",
  "prompt": "cat",
  "resolution": 1024,
  "steps": 50,
  "guidance": 4.0,
  "seed_base": 42,
  "load_time_s": 795.068637182,
  "first_image_s": 36.539365819999944,
  "mean_steady_s": 35.77224397511114,
  "p50_s": 35.77104898699997,
  "p95_s": 36.20156597419994,
  "per_run_s": [
    36.539365819999944,
    35.77300930399997,
    35.76855442599992,
    35.769088669999974,
    35.76497675900009,
    35.76318751100007,
    35.788699495999936,
    35.78083787200012,
    35.77568367700019,
    35.76615806099994
  ]
}