{
  "device": "H100-80GB",
  "instance": "p5.4xlarge",
  "model": "black-forest-labs/FLUX.2-dev",
  "precision": "FP8",
  "prompt": "A cat holding a sign that says hello world",
  "resolution": 2048,
  "steps": 50,
  "guidance": 4.0,
  "seed_base": 42,
  "load_time_s": 121.45472057200004,
  "first_image_s": 143.4997091629998,
  "mean_steady_s": 144.20232545033338,
  "p50_s": 144.20770034099996,
  "p95_s": 144.2616854406005,
  "per_run_s": [
    143.4997091629998,
    144.0607498749996,
    144.1710487549999,
    144.20019420100016,
    144.26224951200038,
    144.26099602000068,
    144.21520648099977,
    144.18564182499995,
    144.2220925470001,
    144.2427498369998
  ],
  "peak_vram_gb": 67.360241664,
  "ok": true
}