{
  "approach": "per-block UNet trace, 9 sub-NEFFs, lnc=2 single-core",
  "latent_shape": [
    1,
    4,
    256,
    256
  ],
  "image_shape": [
    1,
    3,
    2048,
    2048
  ],
  "cold_ms": 1463.7479782104492,
  "warm_ms": [
    1438.7850761413574,
    1434.098482131958,
    1434.1013431549072,
    1433.9876174926758,
    1434.246301651001
  ],
  "warm_mean_ms": 1435.0437641143799,
  "warm_min_ms": 1433.9876174926758,
  "cos_sim": 0.9994871616363525,
  "max_abs_diff": 0.15625,
  "mean_abs_ref": 0.796875,
  "rel_max_abs_diff": 0.19607843137230296,
  "neff_sizes_mb": {
    "p0_stem": 23.9,
    "p1_down0": 23.9,
    "p2_down1": 331.8,
    "p3_down2": 2530.0,
    "p4_mid": 1324.7,
    "p5_up0": 4035.1,
    "p6_up1": 561.4,
    "p7_up2": 52.6,
    "p8_head": 0.5
  }
}